Britany Spears,Musician
Lindsay Lohan,Actor
Andy Dick,Comedian
Amy Winehouse,Musician
Angelina,Reality Star
Kanye,Musician
Paula Abdul,Musician
Artie Lang,Comedian
Lady Gaga,Musician
Charlie Sheen,Actor
Tom Sizemore,Actor
Millard Fillmore,Dead Person
Kwame Kilpatrick,Politician
Snooki,Reality Star
Lilly Allen,Musician
Gary Coleman,Actor
50 Cent,Musician
Megan Fox,Actor
Mitch Mcconnell,Politician
Jack Nicholson,Actor
Jessica Simpson,Musician
Madonna,Musician
Sean Penn,Actor
Dustin Diamond,Actor
Lil Wayne,Musician
Lenny Dykstra,Athlete
Paris Hilton,Reality Star
Janis Dickenson,Actor
Mike Tyson,Athlete
Dennis Rodman,Athlete
The Situation,Reality Star
Marvin Harrison,Athlete
Mel Gibson,Actor
Silvio Berlusconi,Politician
Osama Bin Laden,Politician
Heidi Montag,Reality Star
Charles Rangel,Politician
Nancy Pelosi,Politician
Tom Cruise,Actor
Johnny Weir,Athlete
Katy Perry,Musician
Fidel Castro,Politician
Hugo Chavez,Politician
Tiger Woods,Athlete
Dr. Conrad Murray,Miscellaneous
Whitney Houston,Musician
Micky Rourke,Actor
Lauren Conrad,Reality Star
Alex Rodriguez,Athlete
Allen Iverson,Athlete
Carmello Anthony,Athlete
Billy Bob Thorton,Actor
Kim Jong Il,Politician
Rod Blogojevich,Politician
Boy George,Musician
Ron Artest,Athlete
Bill Clinton,Politician
Cameron Douglas,Actor
Chad Ocho Cinco,Athlete
Jose Canseco,Athlete
Alexa Ray Joel,Musician
Jwoww,Reality Star
Miley Cyrus,Musician
Spencer Pratt,Reality Star
Andre The Giant,Dead Person
Joan Rivers,Actor
Michael Jackson,Dead Person
Tila Tequila,Reality Star
Kristin Cavallari,Reality Star
Ellen Degeneres,Actor
Brittany Murphy,Actor
Potgg,Reality Star
Kim Kardashian,Reality Star
L Ron Hubbard,Miscellaneous
Ct,Reality Star
Charles Barkley,Actor
Anne Hathaway,Actor
T.I.,Musician
Dakota Fanning,Actor
Dmx,Musician
Gary Busey,Actor
Mischa Barton,Actor
George Washington,Dead Person
Joey Kovar,Reality Star
Mitt Romney,Politician
Jennifer Aniston,Actor
Vienna Girardi,Reality Star
Courtney Love,Musician
Paul Reubens,Actor
Jenna Jameson,Actor
Pauly D,Reality Star
Ted Williams,Dead Person
To,Athlete
Tiffany Pollard,Reality Star
Frank Sinatra,Dead Person
John Mayer,Musician
Andrew Koenig,Dead Person
Gretchen Rossi,Reality Star
Jfk,Dead Person
Brian Austin Green,Actor
Patrick Swayze,Dead Person
The Miz,Reality Star
Hugh Hefner,Miscellaneous
Ric Flair,Athlete
Mary Kate Olsen,Actor
Carrot Top,Comedian
Hitler,Dead Person
Alec Baldwin,Actor
Al Davis,Miscellaneous
Kesha,Musician
King Tut,Dead Person
Nadya Suleman,Reality Star
Kim Yu Na,Athlete
Scott Brown,Politician
Elvis,Dead Person
Perez Hilton,Reality Star
Vince Shlomi,Miscellaneous